Generacion,Fitness_Medio,Fitness_Maximo,Mejor_Probabilidades
0,58.15,185,"0.18689396812204523,0.03302762001341255,0.007058664536333383,0.0768609587267834,0.130776946523985,0.13604801645119366,0.10803760853072925,0.22607005684663742,0.057895638402718684,0.03733052184616151"
1,56.55,104,"0.10420176961915889,0.049896834795761895,0.03445012474217164,0.20440984057189623,0.039345748851595225,0.07536489681503673,0.02482712602061266,0.08766497202117354,0.25351586206264665,0.12632282449994658"
